id,sku,barcode,name,category,emoji,unit,price,cost,tax_rate,stock,reorder_level,is_active,created_at,updated_at
"1","FV-1001","8901000100009","Bananas","Fruits & Veg","🍌","kg","0.79","0.45","0","62","15","true","2026-09-29T10:10:20.411","2026-09-29T10:10:20.411"
"2","FV-1002","8901000100016","Red Apples","Fruits & Veg","🍎","kg","2.49","1.6","0","48","15","true","2026-09-29T10:10:20.411","2026-09-29T10:10:20.411"
"3","FV-1003","8901000100023","Vine Tomatoes","Fruits & Veg","🍅","kg","1.99","1.1","0","35","12","true","2026-09-29T10:10:20.411","2026-09-29T10:10:20.411"
"4","FV-1004","8901000100030","Carrots","Fruits & Veg","🥕","kg","1.29","0.7","0","40","12","true","2026-09-29T10:10:20.411","2026-09-29T10:10:20.411"
"5","FV-1005","8901000100047","Potatoes","Fruits & Veg","🥔","kg","1.1","0.6","0","90","20","true","2026-09-29T10:10:20.411","2026-09-29T10:10:20.411"
"6","FV-1006","8901000100054","Broccoli","Fruits & Veg","🥦","pc","1.79","1","0","26","8","true","2026-09-29T10:10:20.411","2026-09-29T10:10:20.411"
"7","FV-1007","8901000100061","Ripe Avocado","Fruits & Veg","🥑","pc","1.25","0.7","0","7","10","true","2026-09-29T10:10:20.411","2026-09-29T10:10:20.411"
"8","FV-1008","8901000100078","Lemons","Fruits & Veg","🍋","kg","3.2","2.1","0","14","5","true","2026-09-29T10:10:20.411","2026-09-29T10:10:20.411"
"9","FV-1009","8901000100085","Strawberries 250g","Fruits & Veg","🍓","pack","3.49","2.2","0","18","8","true","2026-09-29T10:10:20.411","2026-09-29T10:10:20.411"
"10","FV-1010","8901000100092","Red Onions","Fruits & Veg","🧅","kg","0.99","0.5","0","55","15","true","2026-09-29T10:10:20.411","2026-09-29T10:10:20.411"
"11","DA-2001","8901000100108","Whole Milk 1L","Dairy & Eggs","🥛","pc","1.15","0.8","0","84","24","true","2026-09-29T10:10:20.411","2026-09-29T10:10:20.411"
"12","DA-2002","8901000100115","Mature Cheddar 200g","Dairy & Eggs","🧀","pack","3.99","2.6","0","4","10","true","2026-09-29T10:10:20.411","2026-09-29T10:10:20.411"
"13","DA-2003","8901000100122","Free Range Eggs (12)","Dairy & Eggs","🥚","pack","3.29","2.3","0","46","12","true","2026-09-29T10:10:20.411","2026-09-29T10:10:20.411"
"14","DA-2004","8901000100139","Greek Yogurt 500g","Dairy & Eggs","🥣","pc","1.49","0.9","0","32","10","true","2026-09-29T10:10:20.411","2026-09-29T10:10:20.411"
"15","DA-2005","8901000100146","Salted Butter 250g","Dairy & Eggs","🧈","pack","2.79","1.9","0","28","8","true","2026-09-29T10:10:20.411","2026-09-29T10:10:20.411"
"16","BK-3001","8901000100153","Sourdough Loaf","Bakery","🍞","pc","3.5","1.7","0","16","6","true","2026-09-29T10:10:20.411","2026-09-29T10:10:20.411"
"17","BK-3002","8901000100160","Butter Croissant","Bakery","🥐","pc","1.2","0.5","0","30","10","true","2026-09-29T10:10:20.411","2026-09-29T10:10:20.411"
"18","BK-3003","8901000100177","Bagels (4 pack)","Bakery","🥯","pack","2.6","1.3","0","12","6","true","2026-09-29T10:10:20.411","2026-09-29T10:10:20.411"
"19","BK-3004","8901000100184","French Baguette","Bakery","🥖","pc","1.4","0.6","0","0","8","true","2026-09-29T10:10:20.411","2026-09-29T10:10:20.411"
"20","MS-4001","8901000100191","Chicken Breast","Meat & Seafood","🍗","kg","7.99","5.2","0","22","8","true","2026-09-29T10:10:20.411","2026-09-29T10:10:20.411"
"21","MS-4002","8901000100207","Lean Ground Beef","Meat & Seafood","🥩","kg","9.49","6.6","0","18","8","true","2026-09-29T10:10:20.411","2026-09-29T10:10:20.411"
"22","MS-4003","8901000100214","Atlantic Salmon","Meat & Seafood","🐟","kg","16.99","11.5","0","3.5","5","true","2026-09-29T10:10:20.411","2026-09-29T10:10:20.411"
"23","MS-4004","8901000100221","Smoked Bacon 200g","Meat & Seafood","🥓","pack","4.99","3.2","0","20","8","true","2026-09-29T10:10:20.411","2026-09-29T10:10:20.411"
"24","BV-5001","8901000100238","Orange Juice 1L","Beverages","🍊","pc","2.99","1.8","0","38","12","true","2026-09-29T10:10:20.411","2026-09-29T10:10:20.411"
"25","BV-5002","8901000100245","Sparkling Water 1.5L","Beverages","💧","pc","0.99","0.4","0","120","30","true","2026-09-29T10:10:20.411","2026-09-29T10:10:20.411"
"26","BV-5003","8901000100252","Cola 330ml","Beverages","🥤","pc","1.1","0.55","8","96","30","true","2026-09-29T10:10:20.411","2026-09-29T10:10:20.411"
"27","BV-5004","8901000100269","Green Tea (40 bags)","Beverages","🍵","pack","3.29","1.9","0","25","8","true","2026-09-29T10:10:20.411","2026-09-29T10:10:20.411"
"28","BV-5005","8901000100276","Ground Coffee 250g","Beverages","☕","pack","5.49","3.4","0","21","8","true","2026-09-29T10:10:20.411","2026-09-29T10:10:20.411"
"29","BV-5006","8901000100283","Energy Drink 250ml","Beverages","⚡","pc","1.99","1","8","9","12","true","2026-09-29T10:10:20.411","2026-09-29T10:10:20.411"
"30","SN-6001","8901000100290","Salted Potato Chips","Snacks","🍟","pc","1.79","0.9","8","58","15","true","2026-09-29T10:10:20.411","2026-09-29T10:10:20.411"
"31","SN-6002","8901000100306","Dark Chocolate 100g","Snacks","🍫","pc","2.29","1.2","8","44","12","true","2026-09-29T10:10:20.411","2026-09-29T10:10:20.411"
"32","SN-6003","8901000100313","Roasted Peanuts 200g","Snacks","🥜","pack","1.99","1.1","0","35","10","true","2026-09-29T10:10:20.411","2026-09-29T10:10:20.411"
"33","SN-6004","8901000100320","Microwave Popcorn","Snacks","🍿","pack","1.59","0.8","8","27","10","true","2026-09-29T10:10:20.411","2026-09-29T10:10:20.411"
"34","SN-6005","8901000100337","Oat Cookies","Snacks","🍪","pack","2.19","1.1","8","33","10","true","2026-09-29T10:10:20.411","2026-09-29T10:10:20.411"
"35","PN-7001","8901000100344","Basmati Rice 5kg","Pantry","🍚","pack","9.99","7","0","19","6","true","2026-09-29T10:10:20.411","2026-09-29T10:10:20.411"
"36","PN-7002","8901000100351","Spaghetti 500g","Pantry","🍝","pack","1.39","0.7","0","70","20","true","2026-09-29T10:10:20.411","2026-09-29T10:10:20.411"
"37","PN-7003","8901000100368","Olive Oil 500ml","Pantry","🫒","pc","6.99","4.6","0","24","8","true","2026-09-29T10:10:20.411","2026-09-29T10:10:20.411"
"38","PN-7004","8901000100375","White Sugar 1kg","Pantry","🍬","pack","1.25","0.8","0","52","15","true","2026-09-29T10:10:20.411","2026-09-29T10:10:20.411"
"39","PN-7005","8901000100382","Sea Salt 500g","Pantry","🧂","pack","0.69","0.3","0","41","10","true","2026-09-29T10:10:20.411","2026-09-29T10:10:20.411"
"40","PN-7006","8901000100399","Wildflower Honey","Pantry","🍯","pc","4.99","3","0","15","6","true","2026-09-29T10:10:20.411","2026-09-29T10:10:20.411"
"41","PN-7007","8901000100405","Tomato Ketchup","Pantry","🥫","pc","2.1","1.1","0","29","10","true","2026-09-29T10:10:20.411","2026-09-29T10:10:20.411"
"42","PN-7008","8901000100412","Breakfast Cereal","Pantry","🥣","pc","3.99","2.3","0","8","10","true","2026-09-29T10:10:20.411","2026-09-29T10:10:20.411"
"43","HH-8001","8901000100429","Dish Soap 500ml","Household","🧴","pc","2.49","1.2","10","30","10","true","2026-09-29T10:10:20.411","2026-09-29T10:10:20.411"
"44","HH-8002","8901000100436","Paper Towels (2 rolls)","Household","🧻","pack","4.49","2.6","10","26","8","true","2026-09-29T10:10:20.411","2026-09-29T10:10:20.411"
"45","HH-8003","8901000100443","Laundry Detergent 2L","Household","🧺","pc","8.99","5.5","10","14","6","true","2026-09-29T10:10:20.411","2026-09-29T10:10:20.411"
"46","HH-8004","8901000100450","Trash Bags (30)","Household","🗑️","pack","3.99","2","10","22","8","true","2026-09-29T10:10:20.411","2026-09-29T10:10:20.411"
"47","PC-9001","8901000100467","Toothpaste 100ml","Personal Care","🪥","pc","2.99","1.5","10","36","10","true","2026-09-29T10:10:20.411","2026-09-29T10:10:20.411"
"48","PC-9002","8901000100474","Daily Shampoo 400ml","Personal Care","🧴","pc","4.99","2.8","10","17","8","true","2026-09-29T10:10:20.411","2026-09-29T10:10:20.411"
"49","PC-9003","8901000100481","Antibacterial Hand Soap","Personal Care","🧼","pc","1.99","0.9","10","40","10","true","2026-09-29T10:10:20.411","2026-09-29T10:10:20.411"
"50","FZ-1101","8901000100498","Vanilla Ice Cream 1L","Frozen","🍨","pc","4.49","2.7","0","18","6","true","2026-09-29T10:10:20.411","2026-09-29T10:10:20.411"
"51","FZ-1102","8901000100504","Margherita Pizza","Frozen","🍕","pc","5.99","3.4","0","13","6","true","2026-09-29T10:10:20.411","2026-09-29T10:10:20.411"
"52","FZ-1103","8901000100511","Garden Peas 900g","Frozen","🫛","pack","1.89","1","0","31","8","true","2026-09-29T10:10:20.411","2026-09-29T10:10:20.411"