id,invoice_no,customer_name,customer_phone,subtotal,discount,tax,total,payment_method,amount_paid,change_due,status,note,created_at,voided_at
"1","INV-20260916-00001","","","24.45","0","1.3","25.75","card","25.75","0","completed","","2026-09-16T02:11:23.314",""
"2","INV-20260916-00002","","","11.1","0","0.27","11.37","card","11.37","0","completed","","2026-09-16T00:22:56.492",""
"3","INV-20260916-00003","","","11.97","0","0.3","12.27","cash","15","2.73","completed","","2026-09-16T00:28:11.857",""
"4","INV-20260916-00004","","","8.99","0","0.9","9.89","upi","9.89","0","completed","","2026-09-16T09:55:19.692",""
"5","INV-20260916-00005","Walk-in customer","","45.9","0","0.53","46.43","upi","46.43","0","completed","","2026-09-16T03:54:08.583",""
"6","INV-20260916-00006","","","18.96","0","1.2","20.16","card","20.16","0","completed","","2026-09-16T04:21:14.455",""
"7","INV-20260916-00007","","","1.2","0","0","1.2","card","1.2","0","completed","","2026-09-16T09:32:41.146",""
"8","INV-20260916-00008","","","2.59","0","0.09","2.68","cash","5","2.32","completed","","2026-09-16T02:25:35.397",""
"9","INV-20260916-00009","Walk-in customer","","19.69","1.97","0.67","18.39","cash","20","1.61","completed","","2026-09-16T04:11:15.593",""
"10","INV-20260916-00010","","","11.94","0","0.8","12.74","card","12.74","0","completed","","2026-09-16T05:02:57.638",""
"11","INV-20260916-00011","","","17.78","0","0.3","18.08","cash","20","1.92","completed","","2026-09-16T03:43:20.632",""
"12","INV-20260916-00012","","","17.03","0","0","17.03","cash","20","2.97","completed","","2026-09-16T04:01:57.146",""
"13","INV-20260916-00013","Walk-in customer","","1.73","0","0","1.73","upi","1.73","0","completed","","2026-09-16T02:14:24.806",""
"14","INV-20260916-00014","","","50.02","0","2.88","52.9","cash","55","2.1","completed","","2026-09-16T01:50:28.458",""
"15","INV-20260916-00015","","","5.48","0","0.25","5.73","upi","5.73","0","completed","","2026-09-16T06:20:09.124",""
"16","INV-20260915-00016","","","2.79","0.28","0","2.51","upi","2.51","0","completed","","2026-09-15T22:12:45.678",""
"17","INV-20260916-00017","","","39.51","0","2.25","41.76","cash","45","3.24","completed","","2026-09-16T03:07:52.324",""
"18","INV-20260916-00018","","","27.13","0","0.99","28.12","cash","30","1.88","completed","","2026-09-16T06:33:21.432",""
"19","INV-20260916-00019","Walk-in customer","","3.29","0","0","3.29","cash","5","1.71","completed","","2026-09-16T05:52:37.385",""
"20","INV-20260916-00020","","","61.37","0","0.14","61.51","cash","65","3.49","completed","","2026-09-16T08:19:03.621",""
"21","INV-20260917-00021","","","24.06","0","2.15","26.21","card","26.21","0","completed","","2026-09-17T08:01:08.808",""
"22","INV-20260917-00022","","","10.87","0","0.43","11.3","card","11.3","0","completed","","2026-09-17T08:48:40.981",""
"23","INV-20260917-00023","","","2.78","0","0","2.78","cash","5","2.22","completed","","2026-09-17T01:30:28.136",""
"24","INV-20260917-00024","","","2.1","0","0","2.1","card","2.1","0","completed","","2026-09-17T02:43:24.378",""
"25","INV-20260917-00025","","","3.78","0.38","0","3.4","cash","5","1.6","completed","","2026-09-17T08:44:23.284",""
"26","INV-20260917-00026","","","9.46","0","0.95","10.41","card","10.41","0","completed","","2026-09-17T06:59:01.697",""
"27","INV-20260917-00027","","","14.97","0","0","14.97","cash","15","0.03","completed","","2026-09-17T06:14:26.19",""
"28","INV-20260916-00028","Walk-in customer","","9.99","0","0","9.99","cash","10","0.01","completed","","2026-09-16T22:51:00.752",""
"29","INV-20260917-00029","","","18.26","1.83","0.81","17.24","card","17.24","0","completed","","2026-09-17T04:51:36.227",""
"30","INV-20260917-00030","","","29.21","0","0.18","29.39","cash","30","0.61","completed","","2026-09-17T09:01:11.19",""
"31","INV-20260916-00031","","","26.96","0","0","26.96","upi","26.96","0","completed","","2026-09-16T22:40:42.522",""
"32","INV-20260917-00032","","","20.55","0","0.09","20.64","cash","25","4.36","completed","","2026-09-17T03:49:55.51",""
"33","INV-20260917-00033","Walk-in customer","","4.49","0","0.45","4.94","card","4.94","0","completed","","2026-09-17T00:49:30.292",""
"34","INV-20260916-00034","","","28.57","0","0.63","29.2","cash","30","0.8","completed","","2026-09-16T23:19:08.371",""
"35","INV-20260917-00035","","","25.17","0","0","25.17","cash","30","4.83","completed","","2026-09-17T08:46:27.665",""
"36","INV-20260917-00036","Walk-in customer","","5.58","0","0.38","5.96","upi","5.96","0","completed","","2026-09-17T03:27:14.436",""
"37","INV-20260917-00037","","","3.98","0","0","3.98","upi","3.98","0","completed","","2026-09-17T02:18:00.323",""
"38","INV-20260916-00038","","","15.21","0","0.31","15.52","card","15.52","0","completed","","2026-09-16T23:16:14.443",""
"39","INV-20260917-00039","","","1.38","0","0","1.38","cash","5","3.62","completed","","2026-09-17T01:31:26.111",""
"40","INV-20260917-00040","","","5.98","0","0.45","6.43","cash","10","3.57","completed","","2026-09-17T00:48:26.964",""
"41","INV-20260917-00041","","","20.85","0","0.34","21.19","card","21.19","0","completed","","2026-09-17T06:39:13.103",""
"42","INV-20260916-00042","","","19.75","0","0.3","20.05","cash","25","4.95","completed","","2026-09-16T23:29:04.369",""
"43","INV-20260917-00043","Walk-in customer","","5.99","0.6","0","5.39","cash","10","4.61","completed","","2026-09-17T09:17:37.524",""
"44","INV-20260917-00044","","","14.62","0","1.35","15.97","cash","20","4.03","completed","","2026-09-17T22:33:22.955",""
"45","INV-20260917-00045","Walk-in customer","","12.77","0","0.18","12.95","card","12.95","0","completed","","2026-09-17T23:01:07.601",""
"46","INV-20260918-00046","Walk-in customer","","17.61","0","0.13","17.74","cash","20","2.26","completed","","2026-09-18T08:52:25.625",""
"47","INV-20260918-00047","Walk-in customer","","10.06","0","0.43","10.49","card","10.49","0","completed","","2026-09-18T07:28:55.334",""
"48","INV-20260918-00048","","","12.98","0","0","12.98","card","12.98","0","completed","","2026-09-18T00:45:24.029",""
"49","INV-20260918-00049","","","5.46","0","0.38","5.84","upi","5.84","0","completed","","2026-09-18T02:46:46.59",""
"50","INV-20260918-00050","Walk-in customer","","10.88","0","0","10.88","upi","10.88","0","completed","","2026-09-18T08:55:57.396",""
"51","INV-20260918-00051","","","7.19","0","0","7.19","upi","7.19","0","completed","","2026-09-18T00:30:51.761",""
"52","INV-20260917-00052","Walk-in customer","","19.76","1.98","0.64","18.42","cash","20","1.58","completed","","2026-09-17T22:40:28.721",""
"53","INV-20260917-00053","","","3.69","0","0.18","3.87","card","3.87","0","completed","","2026-09-17T22:31:24.841",""
"54","INV-20260918-00054","","","8.88","0","0","8.88","card","8.88","0","completed","","2026-09-18T05:58:16.034",""
"55","INV-20260918-00055","","","7.78","0","0.18","7.96","upi","7.96","0","completed","","2026-09-18T07:40:21.66",""
"56","INV-20260918-00056","","","25.69","0","0.45","26.14","upi","26.14","0","completed","","2026-09-18T09:39:48.27",""
"57","INV-20260918-00057","","","16.45","1.65","0.33","15.13","cash","20","4.87","completed","","2026-09-18T05:11:14.96",""
"58","INV-20260918-00058","","","11.6","0","0.3","11.9","upi","11.9","0","completed","","2026-09-18T06:27:14.792",""
"59","INV-20260918-00059","","","2.49","0","0.25","2.74","card","2.74","0","completed","","2026-09-18T07:29:20.319",""
"60","INV-20260918-00060","Walk-in customer","","5.49","0","0","5.49","card","5.49","0","completed","","2026-09-18T05:52:23.941",""
"61","INV-20260918-00061","","","6.4","0","0","6.4","card","6.4","0","completed","","2026-09-18T02:01:04.414",""
"62","INV-20260917-00062","","","13.67","0","0.09","13.76","cash","15","1.24","completed","","2026-09-17T23:58:33.006",""
"63","INV-20260918-00063","","","3.5","0","0","3.5","cash","5","1.5","completed","","2026-09-18T08:25:21.064",""
"64","INV-20260918-00064","Walk-in customer","","1.38","0","0","1.38","cash","5","3.62","completed","","2026-09-18T07:27:57.002",""
"65","INV-20260918-00065","","","3.48","0","0","3.48","cash","5","1.52","completed","","2026-09-18T06:46:08.972",""
"66","INV-20260918-00066","","","11.85","0","0.29","12.14","cash","15","2.86","completed","","2026-09-18T23:18:23.465",""
"67","INV-20260919-00067","Walk-in customer","","12.74","0","0.22","12.96","card","12.96","0","completed","","2026-09-19T06:23:34.316",""
"68","INV-20260919-00068","","","23.23","0","1.08","24.31","card","24.31","0","completed","","2026-09-19T08:32:23.285",""
"69","INV-20260919-00069","","","6.58","0.66","0","5.92","card","5.92","0","completed","","2026-09-19T09:15:46.017",""
"70","INV-20260919-00070","","","7.07","0","0","7.07","cash","10","2.93","completed","","2026-09-19T05:28:05.156",""
"71","INV-20260919-00071","","","20.95","0","0","20.95","cash","25","4.05","completed","","2026-09-19T02:15:44.614",""
"72","INV-20260919-00072","Walk-in customer","","26.27","0","1.04","27.31","upi","27.31","0","completed","","2026-09-19T07:35:11.06",""
"73","INV-20260919-00073","","","13.37","0","0","13.37","card","13.37","0","completed","","2026-09-19T01:06:31.716",""
"74","INV-20260919-00074","","","14.2","0","0.14","14.34","card","14.34","0","completed","","2026-09-19T03:00:25.309",""
"75","INV-20260919-00075","","","40.93","0","0.9","41.83","card","41.83","0","completed","","2026-09-19T01:01:24.968",""
"76","INV-20260919-00076","","","6.92","0","0","6.92","cash","10","3.08","completed","","2026-09-19T06:38:45.725",""
"77","INV-20260919-00077","","","12.63","0","0","12.63","cash","15","2.37","completed","","2026-09-19T00:07:30.154",""
"78","INV-20260919-00078","Walk-in customer","","29.89","0","0.75","30.64","cash","35","4.36","completed","","2026-09-19T02:47:10.377",""
"79","INV-20260919-00079","","","22.95","0","2.26","25.21","upi","25.21","0","completed","","2026-09-19T00:11:04.493",""
"80","INV-20260919-00080","","","13.72","0","0.95","14.67","card","14.67","0","completed","","2026-09-19T09:16:00.558",""
"81","INV-20260919-00081","","","6.85","0","0.3","7.15","card","7.15","0","completed","","2026-09-19T07:33:50.612",""
"82","INV-20260918-00082","","","12.43","0","0.2","12.63","cash","15","2.37","completed","","2026-09-18T22:25:02.213",""
"83","INV-20260919-00083","","","1.1","0","0","1.1","card","1.1","0","completed","","2026-09-19T23:01:27.016",""
"84","INV-20260920-00084","","","11.78","0","0.25","12.03","upi","12.03","0","completed","","2026-09-20T01:52:44.489",""
"85","INV-20260920-00085","","","1.79","0","0","1.79","card","1.79","0","completed","","2026-09-20T06:08:16.636",""
"86","INV-20260920-00086","","","6.63","0","0.4","7.03","card","7.03","0","completed","","2026-09-20T03:02:46.709",""
"87","INV-20260920-00087","Walk-in customer","","10.64","0","0.9","11.54","cash","15","3.46","completed","","2026-09-20T09:38:44.52",""
"88","INV-20260920-00088","","","16.97","1.7","0.16","15.43","card","15.43","0","completed","","2026-09-20T01:26:15.574",""
"89","INV-20260920-00089","","","1.39","0","0","1.39","upi","1.39","0","completed","","2026-09-20T07:48:52.792",""
"90","INV-20260920-00090","","","21.04","0","0.53","21.57","card","21.57","0","completed","","2026-09-20T09:57:07.144",""
"91","INV-20260920-00091","","","51.7","0","0.3","52","upi","52","0","completed","","2026-09-20T09:23:23.771",""
"92","INV-20260920-00092","","","4.49","0","0.45","4.94","card","4.94","0","completed","","2026-09-20T04:47:46.44",""
"93","INV-20260920-00093","","","29.34","2.93","0.22","26.63","upi","26.63","0","completed","","2026-09-20T06:05:38.873",""
"94","INV-20260920-00094","Walk-in customer","","16.18","0","0.5","16.68","cash","20","3.32","completed","","2026-09-20T10:01:03.104",""
"95","INV-20260920-00095","Walk-in customer","","16.02","0","0.45","16.47","card","16.47","0","completed","","2026-09-20T09:28:45.245",""
"96","INV-20260920-00096","Walk-in customer","","15.95","0","0.71","16.66","card","16.66","0","completed","","2026-09-20T01:44:49.023",""
"97","INV-20260919-00097","Walk-in customer","","31.31","0","2.9","34.21","upi","34.21","0","completed","","2026-09-19T23:30:29.677",""
"98","INV-20260920-00098","","","31.15","0","0.53","31.68","cash","35","3.32","completed","","2026-09-20T00:06:48.085",""
"99","INV-20260920-00099","","","9.99","0","0","9.99","cash","10","0.01","completed","","2026-09-20T08:00:09.407",""
"100","INV-20260920-00100","","","10.27","0","0.14","10.41","cash","15","4.59","completed","","2026-09-20T02:55:07.887",""