id,product_id,change,reason,reference,created_at
"1","1","62","initial","Opening stock","2026-09-29T10:10:20.411"
"2","2","48","initial","Opening stock","2026-09-29T10:10:20.411"
"3","3","35","initial","Opening stock","2026-09-29T10:10:20.411"
"4","4","40","initial","Opening stock","2026-09-29T10:10:20.411"
"5","5","90","initial","Opening stock","2026-09-29T10:10:20.411"
"6","6","26","initial","Opening stock","2026-09-29T10:10:20.411"
"7","7","7","initial","Opening stock","2026-09-29T10:10:20.411"
"8","8","14","initial","Opening stock","2026-09-29T10:10:20.411"
"9","9","18","initial","Opening stock","2026-09-29T10:10:20.411"
"10","10","55","initial","Opening stock","2026-09-29T10:10:20.411"
"11","11","84","initial","Opening stock","2026-09-29T10:10:20.411"
"12","12","4","initial","Opening stock","2026-09-29T10:10:20.411"
"13","13","46","initial","Opening stock","2026-09-29T10:10:20.411"
"14","14","32","initial","Opening stock","2026-09-29T10:10:20.411"
"15","15","28","initial","Opening stock","2026-09-29T10:10:20.411"
"16","16","16","initial","Opening stock","2026-09-29T10:10:20.411"
"17","17","30","initial","Opening stock","2026-09-29T10:10:20.411"
"18","18","12","initial","Opening stock","2026-09-29T10:10:20.411"
"19","19","0","initial","Opening stock","2026-09-29T10:10:20.411"
"20","20","22","initial","Opening stock","2026-09-29T10:10:20.411"
"21","21","18","initial","Opening stock","2026-09-29T10:10:20.411"
"22","22","3.5","initial","Opening stock","2026-09-29T10:10:20.411"
"23","23","20","initial","Opening stock","2026-09-29T10:10:20.411"
"24","24","38","initial","Opening stock","2026-09-29T10:10:20.411"
"25","25","120","initial","Opening stock","2026-09-29T10:10:20.411"
"26","26","96","initial","Opening stock","2026-09-29T10:10:20.411"
"27","27","25","initial","Opening stock","2026-09-29T10:10:20.411"
"28","28","21","initial","Opening stock","2026-09-29T10:10:20.411"
"29","29","9","initial","Opening stock","2026-09-29T10:10:20.411"
"30","30","58","initial","Opening stock","2026-09-29T10:10:20.411"
"31","31","44","initial","Opening stock","2026-09-29T10:10:20.411"
"32","32","35","initial","Opening stock","2026-09-29T10:10:20.411"
"33","33","27","initial","Opening stock","2026-09-29T10:10:20.411"
"34","34","33","initial","Opening stock","2026-09-29T10:10:20.411"
"35","35","19","initial","Opening stock","2026-09-29T10:10:20.411"
"36","36","70","initial","Opening stock","2026-09-29T10:10:20.411"
"37","37","24","initial","Opening stock","2026-09-29T10:10:20.411"
"38","38","52","initial","Opening stock","2026-09-29T10:10:20.411"
"39","39","41","initial","Opening stock","2026-09-29T10:10:20.411"
"40","40","15","initial","Opening stock","2026-09-29T10:10:20.411"
"41","41","29","initial","Opening stock","2026-09-29T10:10:20.411"
"42","42","8","initial","Opening stock","2026-09-29T10:10:20.411"
"43","43","30","initial","Opening stock","2026-09-29T10:10:20.411"
"44","44","26","initial","Opening stock","2026-09-29T10:10:20.411"
"45","45","14","initial","Opening stock","2026-09-29T10:10:20.411"
"46","46","22","initial","Opening stock","2026-09-29T10:10:20.411"
"47","47","36","initial","Opening stock","2026-09-29T10:10:20.411"
"48","48","17","initial","Opening stock","2026-09-29T10:10:20.411"
"49","49","40","initial","Opening stock","2026-09-29T10:10:20.411"
"50","50","18","initial","Opening stock","2026-09-29T10:10:20.411"
"51","51","13","initial","Opening stock","2026-09-29T10:10:20.411"
"52","52","31","initial","Opening stock","2026-09-29T10:10:20.411"