id,sale_id,product_id,name,sku,emoji,unit,price,qty,tax_rate,line_subtotal,line_tax
"1","1","47","Toothpaste 100ml","PC-9001","🪥","pc","2.99","1","10","2.99","0.3"
"2","1","48","Daily Shampoo 400ml","PC-9002","🧴","pc","4.99","2","10","9.98","1"
"3","1","42","Breakfast Cereal","PN-7008","🥣","pc","3.99","2","0","7.98","0"
"4","1","16","Sourdough Loaf","BK-3001","🍞","pc","3.5","1","0","3.5","0"
"5","2","30","Salted Potato Chips","SN-6001","🍟","pc","1.79","1","8","1.79","0.14"
"6","2","32","Roasted Peanuts 200g","SN-6003","🥜","pack","1.99","1","0","1.99","0"
"7","2","2","Red Apples","FV-1002","🍎","kg","2.49","1.5","0","3.74","0"
"8","2","33","Microwave Popcorn","SN-6004","🍿","pack","1.59","1","8","1.59","0.13"
"9","2","3","Vine Tomatoes","FV-1003","🍅","kg","1.99","1","0","1.99","0"
"10","3","50","Vanilla Ice Cream 1L","FZ-1101","🍨","pc","4.49","2","0","8.98","0"
"11","3","47","Toothpaste 100ml","PC-9001","🪥","pc","2.99","1","10","2.99","0.3"
"12","4","45","Laundry Detergent 2L","HH-8003","🧺","pc","8.99","1","10","8.99","0.9"
"13","5","19","French Baguette","BK-3004","🥖","pc","1.4","2","0","2.8","0"
"14","5","22","Atlantic Salmon","MS-4003","🐟","kg","16.99","1.75","0","29.73","0"
"15","5","8","Lemons","FV-1008","🍋","kg","3.2","1.75","0","5.6","0"
"16","5","17","Butter Croissant","BK-3002","🥐","pc","1.2","1","0","1.2","0"
"17","5","34","Oat Cookies","SN-6005","🍪","pack","2.19","3","8","6.57","0.53"
"18","6","51","Margherita Pizza","FZ-1102","🍕","pc","5.99","1","0","5.99","0"
"19","6","47","Toothpaste 100ml","PC-9001","🪥","pc","2.99","1","10","2.99","0.3"
"20","6","45","Laundry Detergent 2L","HH-8003","🧺","pc","8.99","1","10","8.99","0.9"
"21","6","25","Sparkling Water 1.5L","BV-5002","💧","pc","0.99","1","0","0.99","0"
"22","7","17","Butter Croissant","BK-3002","🥐","pc","1.2","1","0","1.2","0"
"23","8","26","Cola 330ml","BV-5003","🥤","pc","1.1","1","8","1.1","0.09"
"24","8","3","Vine Tomatoes","FV-1003","🍅","kg","1.99","0.75","0","1.49","0"
"25","9","47","Toothpaste 100ml","PC-9001","🪥","pc","2.99","1","10","2.99","0.27"
"26","9","2","Red Apples","FV-1002","🍎","kg","2.49","2","0","4.98","0"
"27","9","43","Dish Soap 500ml","HH-8001","🧴","pc","2.49","1","10","2.49","0.22"
"28","9","7","Ripe Avocado","FV-1007","🥑","pc","1.25","1","0","1.25","0"
"29","9","49","Antibacterial Hand Soap","PC-9003","🧼","pc","1.99","1","10","1.99","0.18"
"30","9","51","Margherita Pizza","FZ-1102","🍕","pc","5.99","1","0","5.99","0"
"31","10","32","Roasted Peanuts 200g","SN-6003","🥜","pack","1.99","1","0","1.99","0"
"32","10","34","Oat Cookies","SN-6005","🍪","pack","2.19","1","8","2.19","0.18"
"33","10","31","Dark Chocolate 100g","SN-6002","🍫","pc","2.29","2","8","4.58","0.37"
"34","10","33","Microwave Popcorn","SN-6004","🍿","pack","1.59","2","8","3.18","0.25"
"35","11","47","Toothpaste 100ml","PC-9001","🪥","pc","2.99","1","10","2.99","0.3"
"36","11","8","Lemons","FV-1008","🍋","kg","3.2","1.5","0","4.8","0"
"37","11","35","Basmati Rice 5kg","PN-7001","🍚","pack","9.99","1","0","9.99","0"
"38","12","8","Lemons","FV-1008","🍋","kg","3.2","1.75","0","5.6","0"
"39","12","4","Carrots","FV-1004","🥕","kg","1.29","1","0","1.29","0"
"40","12","37","Olive Oil 500ml","PN-7003","🫒","pc","6.99","1","0","6.99","0"
"41","12","5","Potatoes","FV-1005","🥔","kg","1.1","0.5","0","0.55","0"
"42","12","18","Bagels (4 pack)","BK-3003","🥯","pack","2.6","1","0","2.6","0"
"43","13","10","Red Onions","FV-1010","🧅","kg","0.99","1.75","0","1.73","0"
"44","14","23","Smoked Bacon 200g","MS-4004","🥓","pack","4.99","3","0","14.97","0"
"45","14","27","Green Tea (40 bags)","BV-5004","🍵","pack","3.29","1","0","3.29","0"
"46","14","34","Oat Cookies","SN-6005","🍪","pack","2.19","1","8","2.19","0.18"
"47","14","45","Laundry Detergent 2L","HH-8003","🧺","pc","8.99","3","10","26.97","2.7"
"48","14","18","Bagels (4 pack)","BK-3003","🥯","pack","2.6","1","0","2.6","0"
"49","15","24","Orange Juice 1L","BV-5001","🍊","pc","2.99","1","0","2.99","0"
"50","15","43","Dish Soap 500ml","HH-8001","🧴","pc","2.49","1","10","2.49","0.25"
"51","16","1","Bananas","FV-1001","🍌","kg","0.79","1","0","0.79","0"
"52","16","20","Chicken Breast","MS-4001","🍗","kg","7.99","0.25","0","2","0"
"53","17","11","Whole Milk 1L","DA-2001","🥛","pc","1.15","2","0","2.3","0"
"54","17","51","Margherita Pizza","FZ-1102","🍕","pc","5.99","1","0","5.99","0"
"55","17","37","Olive Oil 500ml","PN-7003","🫒","pc","6.99","1","0","6.99","0"
"56","17","6","Broccoli","FV-1006","🥦","pc","1.79","1","0","1.79","0"
"57","17","44","Paper Towels (2 rolls)","HH-8002","🧻","pack","4.49","3","10","13.47","1.35"
"58","17","47","Toothpaste 100ml","PC-9001","🪥","pc","2.99","3","10","8.97","0.9"
"59","18","26","Cola 330ml","BV-5003","🥤","pc","1.1","1","8","1.1","0.09"
"60","18","46","Trash Bags (30)","HH-8004","🗑️","pack","3.99","1","10","3.99","0.4"
"61","18","40","Wildflower Honey","PN-7006","🍯","pc","4.99","2","0","9.98","0"
"62","18","48","Daily Shampoo 400ml","PC-9002","🧴","pc","4.99","1","10","4.99","0.5"
"63","18","28","Ground Coffee 250g","BV-5005","☕","pack","5.49","1","0","5.49","0"
"64","18","1","Bananas","FV-1001","🍌","kg","0.79","2","0","1.58","0"
"65","19","27","Green Tea (40 bags)","BV-5004","🍵","pack","3.29","1","0","3.29","0"
"66","20","22","Atlantic Salmon","MS-4003","🐟","kg","16.99","2.25","0","38.23","0"
"67","20","30","Salted Potato Chips","SN-6001","🍟","pc","1.79","1","8","1.79","0.14"
"68","20","21","Lean Ground Beef","MS-4002","🥩","kg","9.49","2.25","0","21.35","0"
"69","21","44","Paper Towels (2 rolls)","HH-8002","🧻","pack","4.49","1","10","4.49","0.45"
"70","21","45","Laundry Detergent 2L","HH-8003","🧺","pc","8.99","1","10","8.99","0.9"
"71","21","18","Bagels (4 pack)","BK-3003","🥯","pack","2.6","1","0","2.6","0"
"72","21","46","Trash Bags (30)","HH-8004","🗑️","pack","3.99","2","10","7.98","0.8"
"73","22","33","Microwave Popcorn","SN-6004","🍿","pack","1.59","1","8","1.59","0.13"
"74","22","15","Salted Butter 250g","DA-2005","🧈","pack","2.79","1","0","2.79","0"
"75","22","16","Sourdough Loaf","BK-3001","🍞","pc","3.5","1","0","3.5","0"
"76","22","47","Toothpaste 100ml","PC-9001","🪥","pc","2.99","1","10","2.99","0.3"
"77","23","36","Spaghetti 500g","PN-7002","🍝","pack","1.39","2","0","2.78","0"
"78","24","41","Tomato Ketchup","PN-7007","🥫","pc","2.1","1","0","2.1","0"
"79","25","52","Garden Peas 900g","FZ-1103","🫛","pack","1.89","2","0","3.78","0"
"80","26","43","Dish Soap 500ml","HH-8001","🧴","pc","2.49","3","10","7.47","0.75"
"81","26","49","Antibacterial Hand Soap","PC-9003","🧼","pc","1.99","1","10","1.99","0.2"
"82","27","40","Wildflower Honey","PN-7006","🍯","pc","4.99","1","0","4.99","0"
"83","27","23","Smoked Bacon 200g","MS-4004","🥓","pack","4.99","2","0","9.98","0"
"84","28","35","Basmati Rice 5kg","PN-7001","🍚","pack","9.99","1","0","9.99","0"
"85","29","50","Vanilla Ice Cream 1L","FZ-1101","🍨","pc","4.49","1","0","4.49","0"
"86","29","45","Laundry Detergent 2L","HH-8003","🧺","pc","8.99","1","10","8.99","0.81"
"87","29","3","Vine Tomatoes","FV-1003","🍅","kg","1.99","0.75","0","1.49","0"
"88","29","27","Green Tea (40 bags)","BV-5004","🍵","pack","3.29","1","0","3.29","0"
"89","30","12","Mature Cheddar 200g","DA-2002","🧀","pack","3.99","1","0","3.99","0"
"90","30","22","Atlantic Salmon","MS-4003","🐟","kg","16.99","1.25","0","21.24","0"
"91","30","6","Broccoli","FV-1006","🥦","pc","1.79","1","0","1.79","0"
"92","30","34","Oat Cookies","SN-6005","🍪","pack","2.19","1","8","2.19","0.18"
"93","31","16","Sourdough Loaf","BK-3001","🍞","pc","3.5","1","0","3.5","0"
"94","31","20","Chicken Breast","MS-4001","🍗","kg","7.99","1","0","7.99","0"
"95","31","39","Sea Salt 500g","PN-7005","🧂","pack","0.69","1","0","0.69","0"
"96","31","18","Bagels (4 pack)","BK-3003","🥯","pack","2.6","1","0","2.6","0"
"97","31","13","Free Range Eggs (12)","DA-2003","🥚","pack","3.29","2","0","6.58","0"
"98","31","2","Red Apples","FV-1002","🍎","kg","2.49","2.25","0","5.6","0"
"99","32","28","Ground Coffee 250g","BV-5005","☕","pack","5.49","1","0","5.49","0"
"100","32","39","Sea Salt 500g","PN-7005","🧂","pack","0.69","1","0","0.69","0"